{"cameraMode":{"drawMode":0,"name":"Shaded","section":"Shading Mode"},"sceneLighting":false,"audioPlay":false,"sceneViewState":{"showFog":true,"showMaterialUpdate":false,"showSkybox":false,"showFlares":true,"showImageEffects":true,"showParticleSystems":true},"in2DMode":false,"pivot":{"x":9.109999656677246,"y":2.6600000858306886,"z":-0.6499999761581421},"rotation":{"x":-0.07540912181138993,"y":-0.7280130386352539,"z":0.08114330470561981,"w":-0.6765666604042053},"size":2.173161506652832,"orthographic":false}