{"cameraMode":{"drawMode":0,"name":"Shaded","section":"Shading Mode"},"sceneLighting":true,"audioPlay":false,"sceneViewState":{"showFog":true,"showMaterialUpdate":false,"showSkybox":true,"showFlares":true,"showImageEffects":true,"showParticleSystems":true},"in2DMode":false,"pivot":{"x":10.147315979003907,"y":5.299152851104736,"z":1.2474137544631959},"rotation":{"x":0.0740567073225975,"y":0.7090845704078674,"z":-0.07543078064918518,"w":0.6972512602806091},"size":3.3337931632995607,"orthographic":false}